[24-03-2024 14:20:26],[error],[IP: ::1],Tentative de connexion. Captcha incorrect. Veuillez réessayer.
[24-03-2024 14:20:31],[info],[IP: ::1],Connexion réussie pour l'utilisateur avec le login : rayan
[24-03-2024 14:20:31],[debug],[IP: ::1],Redirection vers la page utilisateur.php pour l'user avec le login : rayan
[24-03-2024 14:22:06],[info],[IP: ::1],Connexion réussie pour l'utilisateur avec le login : admin
[24-03-2024 14:22:06],[debug],[IP: ::1],Redirection vers la page_admin_systeme pour l'user avec le login : admin
[24-03-2024 14:24:58],[debug],[IP: ::1],Redirection vers la page_admin_systeme pour l'user avec le login : admin
[24-03-2024 14:25:10],[error],[IP: ::1],Tentative de connexion échouée pour l'utilisateur avec le login : toto
[24-03-2024 14:25:14],[error],[IP: ::1],Tentative de connexion. Captcha incorrect. Veuillez réessayer.
[24-03-2024 14:25:21],[error],[IP: ::1],Le login n'existe pas dans la base de données.
[24-03-2024 14:25:37],[info],[IP: ::1],Connexion réussie pour l'utilisateur avec le login : admin
[24-03-2024 14:25:37],[debug],[IP: ::1],Redirection vers la page_admin_systeme pour l'user avec le login : admin
